id,post,category,confidence,error
1180,"–ê–Ω–æ–Ω–∏–º–Ω–æ 
–ö—Ç–æ –Ω–µ–¥–∞–≤–Ω–æ —Å–¥–∞–≤–∞–ª —ç–∫–∑–∞–º–µ–Ω –Ω–∞ –º–µ–¥—Å–µ—Å—Ç—Ä—É, –æ—Ç–ø–∏—à–µ—Ç–µ—Å—å –≤ –∫–æ–º–º–µ–Ω—Ç–∞—Ä–∏—è—Ö, –Ω—É–∂–Ω–æ –∑–∞–¥–∞—Ç—å –ø–∞—Ä—É –≤–æ–ø—Ä–æ—Å–æ–≤",0,0.0,Connection error.
594,"–ê–Ω–æ–Ω
–ú–æ–∂–Ω–æ –ª–∏ –≤–æ—Å—Å—Ç–∞–Ω–æ–≤–∏—Ç—å—Å—è –ø–æ—Å–ª–µ –æ—Ç—á–∏—Å–ª–µ–Ω–∏—è –∏–∑-–∑–∞ —Ç–æ–≥–æ, —á—Ç–æ –Ω–µ —Å–¥–∞–ª–∞ –∫–æ–º–∏—Å—Å–∏–∏? 
–ò–ª–∏ —Å –ø–µ—Ä–≤–æ–≥–æ –∫—É—Ä—Å–∞ –ø—Ä–∏–¥—ë—Ç—Å—è —É—á–∏—Ç—å—Å—è?",0,0.0,Connection error.
4473,"–ö–∞–∫ –ø—Ä–∏–Ω–∏–º–∞–µ—Ç —ç–∫–∑–∞–º–µ–Ω –ò–≤–∞–Ω–æ–≤–∞ –ò. –í(–∞–Ω–≥–ª–∏–π—Å–∫–∏–π) 

–ê–Ω–æ–Ω",0,0.0,Connection error.
887,"–ê–Ω–æ–Ω. 
–ü—Ä–∏–≤–µ—Ç. –•–æ—á—É –ø–µ—Ä–µ–≤–µ—Å—Ç–∏—Å—å –Ω–∞ –∏–Ω—Ñ–æ—Ä–º–∞—Ç–∏–∫—É-–º–∞—Ç–µ–º–∞—Ç–∏–∫—É, –∑–∞–≤–µ—Ä—à–∏–ª–∞ 1 –∫—É—Ä—Å –≤ —Å–≤–æ—ë–º —É–Ω–∏–∫–µ. –ï—Å—Ç—å –ø–∞—Ä–∞ –≤–æ–ø—Ä–æ—Å–æ–≤ –æ —Ç–æ–º, –∫–∞–∫ –≤–æ–æ–±—â–µ –ø—Ä–æ—Ö–æ–¥–∏—Ç –ø–µ—Ä–µ–≤–æ–¥, –∫–∞–∫ —É—á—ë–±–∞, —á—Ç–æ —Å —Å–µ—Å—Å–∏–µ–π –∏ —Ç–∞–∫ –¥–∞–ª–µ–µ. –ù–∞–ø–∏—à–∏—Ç–µ + –≤ –∫–æ–º–º–µ–Ω—Ç–∞—Ä–∏—è—Ö, –ø–æ–∂–∞–ª—É–π—Å—Ç–∞, –¥–µ–π—Å—Ç–≤–∏—Ç–µ–ª—å–Ω–æ –æ—á–µ–Ω—å –≤–∞–∂–Ω–æ. üôèüèª.
–ó–∞—Ä–∞–Ω–µ–µ —Å–ø–∞—Å–∏–±–æ!!",0,0.0,Connection error.
3613,"–ï—Å—Ç—å —Ç—É—Ç –æ—Ä–¥–∏–Ω–∞—Ç–æ—Ä—ã –∫–∞—Ñ–µ–¥—Ä—ã –Ω–µ–≤—Ä–æ–ª–æ–≥–∏–∏ –∏–ª–∏ –Ω–µ—Ä–≤–Ω—ã—Ö –±–æ–ª–µ–∑–Ω–µ–π? –ï—Å—Ç—å –ø–∞—Ä–∞ –≤–æ–ø—Ä–æ—Å–æ–≤?
–ê–Ω–æ–Ω–∏–º–Ω–æ –ø–æ–∂–∞–ª—É–π—Å—Ç–∞",0,0.0,Connection error.
9929,"—É –º–µ–Ω—è –µ—Å—Ç—å –æ–¥–Ω–æ–≥—Ä—É–ø–ø–Ω–∏–∫ –æ—á–µ–Ω—å —Å–≤–æ–µ–æ–±—Ä–∞–∑–Ω—ã–π. –Ø –Ω–∞ –Ω–µ–≥–æ —Å–º–æ—Ç—Ä—é –∏ –¥—É–º–∞—é, –∫–∞–∫ –æ–Ω —Å —Ç–∞–∫–∏–º –º–æ–∑–≥–æ–º –¥–æ–∂–∏–ª –¥–æ —ç—Ç–æ–≥–æ –≤–æ–∑—Ä–∞—Å—Ç–∞, –¥–∞ –∏ –≤–æ–æ–±—â–µ, —Å–º–æ–≥ –ø–æ—Å—Ç—É–ø–∏—Ç—å üôÇ –≥–µ—Ä–æ–π –ø—Ä–æ–≥—Ä–∞–º–º ""–º—É–∂—Å–∫–æ–µ –∂–µ–Ω—Å–∫–æ–µ"". –ü—Ä–æ—Å—Ç–æ —Ä–µ—à–∏–ª –ø–æ–¥–µ–ª–∏—Ç—å—Å—è, –º–æ–∂–µ—Ç —è –Ω–µ –æ–¥–∏–Ω —Ç–∞–∫–æ–π
–∞–Ω–æ–Ω–∏–º–Ω–æ",0,0.0,Connection error.
7985,"–°–ª–µ—Ç–∞–µ—à—å –ª–∏ —Å–æ —Å—Ç–∏–ø—É—Ö–∏, –µ—Å–ª–∏ –ø–æ–ª—É—á–∞–µ—à—å –∑–∞–¥–æ–ª–∂–µ–Ω–Ω–æ—Å—Ç—å –∏ –∑–∞–∫—Ä—ã–≤–∞–µ—à—å –µ–≥–æ –≤ —Ç–µ—á–µ–Ω–∏–∏ —Å–µ–º–µ—Å—Ç—Ä–∞?",0,0.0,Connection error.
2795,"–î–∞ –∑–∞–µ–∑–∂–µ–Ω–Ω–æ, –æ–¥–Ω–∞–∫–æ –≤—Å–µ –∂–µ )–ø–æ—Ä–∞ –Ω–∞—á–∏–Ω–∞—Ç—å –ø–æ–∏—Å–∫–∏ –ø–∞—Ä—Ç–Ω–µ—Ä–∞ –Ω–∞ –ø–ª–µ—Ö–∞–Ω–æ–≤—Å–∫–∏–π –±–∞–ª. 
–•–æ—Ç–µ–ª–æ—Å—å –±—ã , —á—Ç–æ–±—ã —Ç—ã –±—ã–ª —Ä–æ—Å—Ç–æ–º 180-190.
–î–ª—è –º–µ–Ω—è —ç—Ç–æ –º–µ—Ä–æ–ø—Ä–∏—è—Ç–∏–µ –¥–µ–π—Å—Ç–≤–∏—Ç–µ–ª—å–Ω–æ –∏–º–µ–µ—Ç –±–æ–ª—å—à–æ–µ –∑–Ω–∞—á–µ–Ω–∏–µ,—Ö–æ—á—É –Ω–∞–π—Ç–∏ —á–µ–ª–æ–≤–µ–∫–∞, –∫–æ—Ç–æ—Ä—ã–π –≤–º–µ—Å—Ç–µ —Å–æ –º–Ω–æ–π –ø–æ–≥—Ä—É–∑–∏—Ç—Å—è –≤ —ç—Ç—É –∞—Ç–º–æ—Å—Ñ–µ—Ä—É –≤–æ–ª—à–µ–±—Å—Ç–≤–∞ .
–£–∂–µ —É—á–∞—Å—Ç–≤–æ–≤–∞–ª–∞ –≤ –ø—Ä–æ—à–ª–æ–º –≥–æ–¥—É , –∫ —Å–æ–∂–∞–ª–µ–Ω–∏—é, –Ω–∞ –ø–æ—Å–ª–µ–¥–Ω–∏—Ö —Ä–µ–ø–µ—Ç–∏—Ü–∏—è—Ö –º–æ–π –ø–∞—Ä—Ç–Ω—ë—Ä —Å–ª–æ–º–∞–ª –Ω–æ–≥—É ;(
–í—ã–±–µ—Ä—É –ø–æ –ª–∞–π–∫–∞–º –∏–ª–∏ –∫–æ–º–º–µ–Ω—Ç–∞—Ä–∏—è–º)",0,0.0,Connection error.
5212,"–ö—Ç–æ-–Ω–∏–±—É–¥—å –∏–∑ –∞—Å–ø–∏—Ä–∞–Ω—Ç–æ–≤ –ø—Ä–æ—Ö–æ–¥–∏–ª –∑–∞—á—ë—Ç –ø–æ ""–§–æ—Ä–º–∏—Ä–æ–≤–∞–Ω–∏–µ –º–µ—Ö–∞–Ω–∏–∑–º–∞ –ø—Ä–æ—Ç–∏–≤–æ–¥–µ–π—Å—Ç–≤–∏—è –∫–æ—Ä—Ä—É–ø—Ü–∏–∏...""? –ö —Å–æ–∂–∞–ª–µ–Ω–∏—é, –∞–¥–º–∏–Ω–∏—Å—Ç—Ä–∞—Ç–æ—Ä—ã –∫—É—Ä—Å–∞ –Ω–µ –Ω–∞–ø–∏—Å–∞–ª–∏ —á—ë—Ç–∫–æ –∏ –ø–æ–Ω—è—Ç–Ω–æ —É—Å–ª–æ–≤–∏—è –ø–æ–ª—É—á–µ–Ω–∏—è –∑–∞—á—ë—Ç–∞ –∏ –æ—Ç–≤–µ—á–∞—é—Ç –Ω–∞ —ç—Ç–æ—Ç –≤–æ–ø—Ä–æ—Å –æ—á–µ–Ω—å –Ω–µ—Ö–æ—Ç—è –∏ –∞–±—Å—Ç—Ä–∞–∫—Ç–Ω–æ. –•–æ—Ç–µ–ª–æ—Å—å –±—ã –≤—Å—ë-—Ç–∞–∫–∏ —É–∑–Ω–∞—Ç—å —É—Å–ª–æ–≤–∏—è –æ—Ç —Ç–µ—Ö, –∫—Ç–æ –ø—Ä–æ—Ö–æ–¥–∏–ª. –ú–Ω–µ 40% –æ—Ç —á–∏—Å–ª–∞ –≤—Å–µ—Ö —Ç–µ—Å—Ç–∏–∫–æ–≤ –Ω–∞–¥–æ –Ω–∞–±—Ä–∞—Ç—å –∏–ª–∏ —Ç–æ–ª—å–∫–æ –æ—Ç —Ç–µ—Ö, –Ω–∞ –∫–æ—Ç–æ—Ä—ã—Ö –Ω–∞–ø–∏—Å–∞–Ω–æ, —á—Ç–æ —ç—Ç–æ—Ç –∫—É—Ä—Å –¥–ª—è –∞—Å–ø–∏—Ä–∞–Ω—Ç–æ–≤? (–ø—Ä–æ—Å—Ç–æ –º–æ–¥—É–ª–µ–π –¥–ª—è –∞—Å–ø–∏—Ä–∞–Ω—Ç–æ–≤ –≤—Å–µ–≥–æ –¥–≤–∞, –∞ –ø—Ä–æ—Ü–µ–Ω—Ç –≤–µ–¥—ë—Ç—Å—è –æ—Ç —á–∏—Å–ª–∞ –≤—Å–µ—Ö –º–æ–¥—É–ª–µ–π). –ò –∫–∞–∫–∏–µ –≤–æ–ø—Ä–æ—Å—ã –±—É–¥—É—Ç –Ω–∞ —Ñ–∏–Ω–∞–ª—å–Ω–æ–º —Ç–µ—Å—Ç–µ? –í–æ–ø—Ä–æ—Å—ã –∏–∑ —Ç–µ—Ö –º–æ–¥—É–ª–µ–π, –Ω–∞ –∫–æ—Ç–æ—Ä—ã—Ö –Ω–∞–ø–∏—Å–∞–Ω–æ, —á—Ç–æ –æ–Ω–∏ –¥–ª—è –∞—Å–ø–∏—Ä–∞–Ω—Ç–æ–≤ –∏–ª–∏ –±—É–¥—É—Ç –≤–æ–ø—Ä–æ—Å—ã –∏–∑ –≤—Å–µ—Ö –º–æ–¥—É–ª–µ–π? –ê –º–æ–∂–µ—Ç, —É –∫–æ–≥–æ –∏ –æ—Ç–≤–µ—Ç—ã –Ω–∞–π–¥—É—Ç—Å—è? –ó–∞—Ä–∞–Ω–µ–µ —Å–ø–∞—Å–∏–±–æ.",0,0.0,Connection error.
3936,"–ó–¥—Ä–∞–≤—Å—Ç–≤—É–π—Ç–µ, –ø–æ—Ü–∞–Ω—ã –∏ –¥–µ–≤—á–æ–Ω–∫–∏. 
–ï—Å—Ç—å —Å—Ä–µ–¥–∏ –æ–±—É—á–∞—é—â–∏—Ö—Å—è —Å—Ç—É–¥–µ–Ω—Ç–æ–≤ —Ç–µ –∫—Ç–æ –∫–∞—Ç–∞—é—Ç—Å—è –Ω–∞ –≥–æ—Ä–Ω—ã—Ö –ª—ã–∂–∞—Ö –∏–ª–∏ —Å–Ω–æ—É–±–æ—Ä–¥–µ? –õ–∞–π–∫–Ω–∏—Ç–µ –ø–æ—Å—Ç –∏–ª–∏ –Ω–∞–ø–∏—à–∏—Ç–µ –∫–æ–º–µ—Ç)

–ê–Ω–æ–Ω",0,0.0,Connection error.
9703,"–æ—Ç–∑–æ–≤–∏—Å—å –ø–∞—Ä–µ–Ω—å, –∫–æ—Ç–æ—Ä–æ–≥–æ –≤–∏–¥–µ–ª–∞ –≤ –º–∞–≥–∞–∑–µ 21.12.12, –±–ª–∏–∂–µ –∫ 23, —Ç—ã –≤ –æ—á–µ—Ä–µ–¥–∏ —Å–∑–∞–¥–∏ –º–µ–Ω—è —Å—Ç–æ—è–ª
–≤ –∫–æ—Ä–æ—Ç–∫–æ–π –∫—É—Ä—Ç–∫–µ —á–µ—Ä–Ω–æ–≥–æ —Ü–≤–µ—Ç–∞, –≤ —à–∞—Ä—Ñ–µ, –ª–∏—Ü–æ –Ω–∞–ø–æ–ª–æ–≤–∏–Ω—É –±—ã–ª–æ –∑–∞–∫—Ä—ã—Ç–æ, –Ω–æ –æ–Ω–æ —Ñ–∞—Ä—Ñ–æ—Ä–æ–≤–æ–µ –±—É–¥—Ç–æ, –≥–ª–∞–∑–∞ —Ç–∞–∫–∏–µ –∫—Ä–∞—Å–∏–≤—ã–µ, —Ç–æ –ª–∏ —Å–µ—Ä—ã–µ –∏–ª–∏ –≥–æ–ª—É–±—ã–µ, –∏ –≤–µ–∫–∏ —Ç–∞–∫–∏–µ –±–æ–ª—å—à–∏–µ

–∞–Ω–æ–Ω",0,0.0,Connection error.
6545,"–ü–æ—á–µ–º—É –ë–∞—Å–∫–æ–≤–∞ –Ω–µ –±—ã–ª–æ –Ω–∞ –∫–æ–Ω—Ü–µ—Ä—Ç–µ? –†–∞–¥–∏ —á–µ–≥–æ —è —ç—Ç–æ —Å–ª—É—à–∞–ª –ø–æ–ª—Ç–æ—Ä–∞ —á–∞—Å–∞ –ø–æ—á—Ç–∏??ü§¨üò°ü§¨ü§¨
–ê–Ω–æ–Ω",0,0.0,Connection error.
101,"13.05.2023 –∏ 27.05.2023 (09.00-10.20) –∞—É–¥.308 –ú–∞–ø–µ–ª—å–º–∞–Ω –í.–ú. (1 –∫—É—Ä—Å –∞—Ä–∫–∏) 
15.05.2023 (12.00-15.30) –∞—É–¥. 104 –Ø–∑—ã–∫–æ–≤–∞ –ù.–í. (–¢–ú–®–í –ø—Ä–µ–¥–∑–∞—â–∏—Ç–∞)",0,0.0,Connection error.
3150,"–î–æ–±—Ä—ã–π –¥–µ–Ω—å) –Ø –ø–æ—Å—Ç—É–ø–∞—é –Ω–∞ —é—Ä—Ñ–∞–∫, –ø–æ—è–≤–∏–ª–æ—Å—å –∫—É—á—É –≤–æ–ø—Ä–æ—Å–æ–≤) –ö–æ–º—É –Ω–µ —Å–ª–æ–∂–Ω–æ –±—É–¥–µ—Ç –æ—Ç–≤–µ—Ç–∏—Ç—å?) –ê –µ—â—ë –ø—Ä–æ –æ–±—â–∞–≥—É —Ä–∞—Å—Å–∫–∞–∑–∞—Ç—å)üòÖüíó
–ë—É–¥—É –±–µ–∑—É–º–Ω–æ –±–ª–∞–≥–æ–¥–∞—Ä–Ω–∞",0,0.0,Connection error.
4539,–ö–∞–∫ –ø—Ä–æ—Ö–æ–¥–∏—Ç –æ–ª–∏–º–ø–∏–∞–¥–∞ –ø–æ –æ–±—â–µ–π —Ö–∏—Ä—É—Ä–≥–∏–∏ —É –ª–µ—á–µ–±–Ω–æ–≥–æ —Ñ–∞–∫—É–ª—å—Ç–µ—Ç–∞? –ò –∫–∞–∫–∏–µ —É—Å–ª–æ–≤–∏—è –¥–ª—è —É—á–∞—Å—Ç–∏—è? –ó–∞—Ä–∞–Ω–µ–µ —Å–ø–∞—Å–∏–±–æ. –ê–Ω–æ–Ω.,0,0.0,Connection error.
9695,–æ–±–µ–∑—å—è–Ω–µ –¥–∞–ª–∏ –ø–µ—á–∞—Ç–∞—é—â—É—é –º–∞—à–∏–Ω–∫—É –∏ –æ–Ω–∞ —Å–ª—É—á–∞–π–Ω–æ –±–µ–∑ –æ—à–∏–±–∫–∏ –Ω–∞–ø–∏—Å–∞–ª–∞ –±–∏–±–ª–∏—é  –∞–∞,0,0.0,Connection error.
8833,–ß—Ç–æ –ø—Ä–æ–∏–∑–æ–π–¥–µ—Ç –ø—Ä–∏ –∑–∞–≤–∞–ª–µ –∫–æ–º–∏—Å—Å–∏–∏?,0,0.0,Connection error.
2961,"–î–æ–±—Ä–æ–≥–æ –≤—Ä–µ–º–µ–Ω–∏ —Å—É—Ç–æ–∫!
–ú–µ–Ω—è –∏—Å–∫—Ä–µ–Ω–Ω–µ –≤–æ–∑–º—É—â–∞–µ—Ç —Ä–∞–±–æ—Ç–∞ –ø—Ä–∏—ë–º–Ω–æ–π –∫–æ–º–∏—Å—Å–∏–∏ –í–£–ó–∞ (–∞ –≤–µ—Ä–Ω–µ–µ –µ–µ –æ—Ç—Å—É—Ç—Å—Ç–≤–∏–µ). –Ø —É–∂–µ 2 –¥–Ω—è –ø—ã—Ç–∞—é—Å—å –¥–æ–∑–≤–æ–Ω–∏—Ç—å—Å—è –ø–æ –≤—Å–µ–≤–æ–∑–º–æ–∂–Ω—ã–º –Ω–æ–º–µ—Ä–∞–º, —á—Ç–æ–±—ã –∑–∞–¥–∞—Ç—å –∏–Ω—Ç–µ—Ä–µ—Å—É—é—â–∏–µ –≤–æ–ø—Ä–æ—Å—ã. –ù–æ, –∫ –º–æ–µ–º—É —Å–æ–∂–∞–ª–µ–Ω–∏—é, –Ω–µ –º–æ–≥—É —ç—Ç–æ–≥–æ —Å–¥–µ–ª–∞—Ç—å, –≤–µ–¥—å –≤—Å–µ–≥–¥–∞ –æ–∫–∞–∑—ã–≤–∞—é—Å—å ""–±–æ–ª–µ–µ —á–µ–º 9—ã–º –≤ –æ—á–µ—Ä–µ–¥–∏"", –∏ –∑–≤–æ–Ω–æ–∫ –ø–µ—Ä–µ–±—Ä–∞—Å—ã–≤–∞–µ—Ç —Å–æ —Å–≤—è–∑–∏ —Å –æ–ø–µ—Ä–∞—Ç–æ—Ä–æ–º –Ω–∞ –∞–≤—Ç–æ–º–∞—Ç–∏—á–µ—Å–∫—É—é –ª–∏–Ω–∏—é. –°–µ–≥–æ–¥–Ω—è –º–Ω–µ, –Ω–∞–≤–µ—Ä–Ω–æ–µ, –ø–æ—Å—á–∞—Å—Ç–ª–∏–≤–∏–ª–æ—Å—å –ø–æ–¥–Ω—è—Ç—å—Å—è –≤ –æ—á–µ—Ä–µ–¥–∏ –¥–æ 1 –º–µ—Å—Ç–∞ (–∂–¥–∞–ª —è —ç—Ç–æ–≥–æ –æ–∫–æ–ª–æ —á–∞—Å–∞). –ù–æ –ø–æ—Å–ª–µ –∑–≤–æ–Ω–æ–∫ –±—ã–ª —Å–±—Ä–æ—à–µ–Ω. –Ø —Å—á–∏—Ç–∞—é, —á—Ç–æ —Ç–∞–∫ –±—ã—Ç—å –Ω–µ –¥–æ–ª–∂–Ω–æ. –ü–æ–º–∏–º–æ —Ç–æ–≥–æ, —á—Ç–æ —è –ø–æ—Ç—Ä–∞—Ç–∏–ª –≤—Å—ë —Å–≤–æ–µ –≤—Ä–µ–º—è, —Ç–∞–∫ –∏ –¥–µ–Ω—å–≥–∏ –∑–∞ –∑–≤–æ–Ω–æ–∫, –ø–æ –∏—Ç–æ–≥–∞–º –∫–æ—Ç–æ—Ä–æ–≥–æ –æ—Ç–≤–µ—Ç–∞ –Ω–∏ –Ω–∞ –æ–¥–∏–Ω –≤–æ–ø—Ä–æ—Å –Ω–µ –ø–æ–ª—É—á–∏–ª. –ú–µ–Ω—è –æ–≥–æ—Ä—á–∞–µ—Ç –¥–∞–Ω–Ω–∞—è —Å–∏—Ç—É–∞—Ü–∏—è. –ü—Ä–æ—à—É –ø—Ä–∏–Ω—è—Ç—å –Ω–∞–¥–ª–µ–∂–∞—â–∏–µ –º–µ—Ä—ã, –ª–∏–±–æ –¥–∞—Ç—å –∫–æ–Ω—Ç–∞–∫—Ç—ã, —Å –∫–æ—Ç–æ—Ä—ã–º–∏ —è –º–æ–≥—É —Å–≤—è–∑–∞—Ç—å—Å—è –∏ –Ω–∞–∫–æ–Ω–µ—Ü-—Ç–æ —É–∑–Ω–∞—Ç—å –∏–Ω—Ç–µ—Ä–µ—Å—É—é—â–∏–µ –º–µ–Ω—è –º–æ–º–µ–Ω—Ç—ã.",0,0.0,Connection error.
3505,–ï—Å—Ç—å –ª–∏ –≤ –í–£–ó–µ –Ω–æ—Å–∏—Ç–µ–ª–∏ –∫–∏—Ç–∞–π—Å–∫–æ–≥–æ —è–∑—ã–∫–∞? —Ö–æ—Ç–µ–ª–∞ –±—ã –ø–æ–¥—Ç—è–Ω—É—Ç—å —Å–≤–æ–∏ –∑–Ω–∞–Ω–∏—è,0,0.0,Connection error.
154,"24.01.2023 (16:00-18:30) 

–í–∞–ª–µ–Ω—Ç–∏–Ω–∞ –ë
–ö–∞—Ä—ç–Ω –ö
–ú–∞—Ä–∏—è –õ",0,0.0,Connection error.
5728,"–ú—ã –∏–Ω–æ—Å—Ç—Ä–∞–Ω–Ω—ã–µ —Å—Ç—É–¥–µ–Ω—Ç—ã –î–æ–Ω–ì–∞—É , –∂–∏–≤—É—â–∏–µ –≤ –ø–µ—Ä—Å–∏–∞–Ω–æ–≤–∫–µ , –Ω–µ –¥–æ–≤–æ–ª—å–Ω—ã –∫–æ–º–µ–Ω–¥–∞–Ω—Ç–æ–º 4 –æ–±—â–∞–≥–∏ , –∫–æ—Ç–æ—Ä—ã–µ –æ—Ç–Ω–æ—Å—è—Ç—Å—è –∫ –Ω–∞–º –∫–∞–∫ –Ω–∞—Ü–∏—Å—Ç–∫–∞,  –∫–∞–∫ —á–µ—Ä—Ç.
–ü—Ä–æ—Å–∏–º –≤–∞—Å –Ω–µ –±—ã—Ç—å –ø–∞—Å–∫—É–¥–æ–π –∫ –∏–Ω–æ—Å—Ç—Ä–∞–Ω—Ü–∞–º –∏ –∂–∏—Ç–µ–ª–µ–π 4 –æ–±—â–∞–≥–∏ 

–ê–Ω–æ–Ω.",0,0.0,Connection error.
8057,"–°–ø–∏—Å–æ–∫ –ª—é–¥–µ–π, –∫–æ—Ç–æ—Ä—ã–µ –ø–æ–¥–∞–ª–∏ –¥–æ–∫—É–º–µ–Ω—Ç—ã –≤ –≤—É–∑ –º–æ–∂–Ω–æ —É–≤–∏–¥–µ—Ç—å —Ç–æ–ª—å–∫–æ –ø–æ—Å–ª–µ —Ç–æ–≥–æ, –∫–æ–≥–¥–∞ —Å–∞–º –ø–æ–¥–∞–ª?
–ò–ª–∏ —Å–ø–∏—Å–∫–∏ –±—É–¥—É—Ç –≤ –æ—Ç–∫—Ä—ã—Ç–æ–º –¥–æ—Å—Ç—É–ø–µ?",0,0.0,Connection error.
3904,"–ó–¥—Ä–∞–≤—Å—Ç–≤—É–π—Ç–µ, –∫–æ–ª–ª–µ–≥–∏!
–ó–∞—Å–µ–¥–∞–Ω–∏–µ –°–ù–ö, –Ω–∞–∑–Ω–∞—á–µ–Ω–Ω–æ–µ –Ω–∞ 13.10.2022, –ø–µ—Ä–µ–Ω–æ—Å–∏—Ç—Å—è, –ø–æ —Ç–µ—Ö–Ω–∏—á–µ—Å–∫–∏–º –ø—Ä–∏—á–∏–Ω–∞–º –Ω–∞ 20.10.2022",0,0.0,Connection error.
1793,–í —á–µ–º —Ä–∞–∑–Ω–∏—Ü–∞  –º–µ–∂–¥—É –∏–Ω—Ñ–æ—Ä–º–∞—Ç–∏–∫–æ–π –∏ –≤—ã—á–∏—Å–ª–∏—Ç–µ–ª—å–Ω–æ–π —Ç–µ—Ö–Ω–∏–∫–æ–π –∏ –ø—Ä–∏–∫–ª–∞–¥–Ω–æ–π –∏–Ω—Ñ–æ—Ä–º–∞—Ç–∏–∫–æ–π?,0,0.0,Connection error.
2146,"–í—Å–µ–º –ø—Ä–∏–≤–µ—Ç!
–•–æ—Ç–µ–ª–∞ –±—ã —É–∑–Ω–∞—Ç—å –ø–æ–¥—Ä–æ–±–Ω–µ–µ –æ –º–∞–π–Ω–æ—Ä–µ ""–§–∏–Ω–∞–Ω—Å–æ–≤—ã–π –¥–∏—Ä–µ–∫—Ç–æ—Ä —É—Å—Ç–æ–π—á–∏–≤–æ–≥–æ –±–∏–∑–Ω–µ—Å–∞"" 
–ù–∞–ø–∏—à—É –ø–æ –ª–∞–π–∫–∞–º)",0,0.0,Connection error.
6445,"–ü–æ–Ω—Ä–∞–≤–∏–ª–∞—Å—å –¥–µ–≤–æ—á–∫–∞. –ü–æ—Å—Ç–µ—Å–Ω—è–ª—Å—è –ø–æ–¥–æ–π—Ç–∏. –ú–æ–∂–µ—Ç, –∫—Ç–æ –∑–Ω–∞–µ—Ç –µ—ë? –û—Ç–ø–∏—à–∏—Ç–µ—Å—å, –ø–æ–∂–∞–ª—É–π—Å—Ç–∞.
–ù–µ –ê–Ω–æ–Ω",0,0.0,Connection error.
6618,"–ü–æ—á–µ–º—É –æ—Ç–¥–µ–ª —Ä–∞—Å–ø–∏—Å–∞–Ω–∏—è —Å—Ç–∞–≤—è—Ç –ø–∞—Ä—ã –ø—Ä–µ–ø–æ–¥–∞, –∫–æ—Ç–æ—Ä—ã–π –Ω–∞—Ö–æ–¥–∏—Ç—Å—è –Ω–∞ –±–æ–ª—å–Ω–∏—á–Ω–æ–º? –ò–ª–∏ –ø–æ—á–µ–º—É –Ω–µ–ª—å–∑—è —Å–æ–æ–±—â–∏—Ç—å —Å—Ç–∞—Ä–æ—Å—Ç–µ, —á—Ç–æ –ø–∞—Ä—ã –Ω–µ –±—É–¥–µ—Ç? –ï—Ö–∞—Ç—å —á–∞—Å-–ø–æ–ª—Ç–æ—Ä–∞ –≤ –æ–¥–Ω—É —Å—Ç–æ—Ä–æ–Ω—É —á—Ç–æ–±—ã —É–∑–Ω–∞—Ç—å, —á—Ç–æ –ø–∞—Ä—ã –Ω–µ—Ç? –°–ø–∞—Å–∏–±–æ –±–æ–ª—å—à–æ–µ",0,0.0,Connection error.
4279,"–ö–∞–∫ –≤—É–∑ –æ—Ç–Ω–æ—Å–∏—Ç—Å—è –∫ –ø–ª–∞—Ç–Ω–∏–∫–∞–º? –ú–µ–Ω—å—à–µ –ª–∏ –∏—Ö –æ—Ç—á–∏—Å–ª—è—é—Ç, —á–µ–º –±—é–¥–∂–µ—Ç–Ω–∏–∫–æ–≤?",0,0.0,Connection error.
3987,"–ó–¥—Ä–∞–≤—Å—Ç–≤—É–π—Ç–µ,–∫–∞–∫–æ–≤—ã —à–∞–Ω—Å—ã –ø–æ–ø–∞—Å—Ç—å –≤ –æ–±—â–µ–∂–∏—Ç–∏–µ —Å 258 –±–∞–ª–ª–∞–º–∏?",0,0.0,Connection error.
6452,"–ü–æ–ø–∞–¥–∞–ª –ª–∏ –∫—Ç–æ –≤ —Å–∏—Ç—É–∞—Ü–∏—é, –∫–æ–≥–¥–∞ –≤–∞—Å –ø—Ä–æ—Å–∏–ª–∏ –ø—Ä–µ–¥–æ—Å—Ç–∞–≤–∏—Ç—å —Å–ø—Ä–∞–≤–∫–∏ –∑–∞ –ø—Ä–æ–≥—É–ª—ã? –ö–∞–∫ —Ä–µ—à–∏—Ç—å –≤–æ–ø—Ä–æ—Å –ø—Ä–∏ —É—Å–ª–æ–≤–∏–∏ –æ—Ç—Å—É—Ç—Å—Ç–≤–∏—è —Å–ø—Ä–∞–≤–æ–∫ –∏ —É–≤–∞–∂–∏—Ç–µ–ª—å–Ω—ã—Ö –ø—Ä–∏—á–∏–Ω –¥–ª—è –ø—Ä–æ–≥—É–ª–æ–≤?",0,0.0,Connection error.
4955,"–ö—Ç–æ –∑–Ω–∞–µ—Ç –∫—É–¥–∞ –º–æ–∂–Ω–æ –ø–æ–π—Ç–∏ –∑–∞–Ω–∏–º–∞—Ç—å—Å—è –≤–æ–ª–µ–π–±–æ–ª–æ–º (–Ω–µ –Ω–∞—á–∞–ª—å–Ω—ã–π —É—Ä–æ–≤–µ–Ω—å) 
–ê–Ω–æ–Ω",0,0.0,Connection error.
7155,–†–ê–°–ü–ò–°–ê–ù–ò–ï –≤—Ç–æ—Ä–æ–π –ø–æ–≤—Ç–æ—Ä–Ω–æ–π –ø–µ—Ä–µ—Å–¥–∞—á–∏ –∑–∞—á–µ—Ç–æ–≤ –∏ —ç–∫–∑–∞–º–µ–Ω–æ–≤ –ø—Ä–æ–º–µ–∂—É—Ç–æ—á–Ω–æ–π –∞—Ç—Ç–µ—Å—Ç–∞—Ü–∏–∏ II –ø–æ–ª—É–≥–æ–¥–∏—è 2021-2022 —É—á.–≥.,0,0.0,Connection error.
4231,–ö–∞–∫ –õ—É–∫–∞—à–µ–≤–∏—á –ø—Ä–∏–Ω–∏–º–∞–µ—Ç –æ—Ç—Ä–∞–±–æ—Ç–∫–∏ –ø–æ –∏–≥–ø–∑—Å?,0,0.0,Connection error.
2985,"–î–æ–±—Ä–æ–≥–æ –≤—Ä–µ–º–µ–Ω–∏ —Å—É—Ç–æ–∫, —É–≤–∞–∂–∞–µ–º—ã–µ –¥–∞–º—ã –∏ –≥–æ—Å–ø–æ–¥–∞, —Å–∫–∞–∂–∏—Ç–µ –ø–æ–∂–∞–ª—É–π—Å—Ç–∞, –∫–∞–∫ —Ç–∞–º –≤ –æ–±—â–µ–∂–∏—Ç–∏–∏, —É—Å–ª–æ–≤–∏—è –Ω–æ—Ä–º–∞–ª—å–Ω—ã–µ? –í –∫–æ–º–∏—Å—Å–∏ –≥–æ–≤–æ—Ä–∏–ª–∏, —á—Ç–æ —Ç–∞–º —Ö–æ—Ä–æ—à–∏–µ —É—Å–ª–æ–≤–∏—è –ø—Ä–æ–∂–∏–≤–∞–Ω–∏—è –∏ —Ç.–¥. –Ω–æ –ø–æ—á–µ–º—É-—Ç–æ —è –Ω–µ –¥–æ–≤–µ—Ä—è—é —ç—Ç–∏–º —Å–ª–æ–≤–∞–º‚òπÔ∏è –ê–Ω–æ–Ω, –±—É–¥—å—Ç–µ –¥–æ–±—Ä—ã)",0,0.0,Connection error.
3456,"–ï—Å—Ç—å –∑–¥–µ—Å—å –ø–æ—Å—Ç—É–ø–∏–≤—à–∏–µ –Ω–∞ –ø—Ä–æ–≥—Ä–∞–º–º—É 14.06.01 –Ø–¥–µ—Ä–Ω—ã–µ —ç–Ω–µ—Ä–≥–µ—Ç–∏—á–µ—Å–∫–∏–µ —É—Å—Ç–∞–Ω–æ–≤–∫–∏, —Ç–æ–ø–ª–∏–≤–Ω—ã–π —Ü–∏–∫–ª, —Ä–∞–¥–∏–∞—Ü–∏–æ–Ω–Ω–∞—è –±–µ–∑–æ–ø–∞—Å–Ω–æ—Å—Ç—å, –∞—Å–ø–∏—Ä–∞–Ω—Ç—É—Ä–∞?",0,0.0,Connection error.
2657,"–í—ã —Ç–∞–º –≤–æ–æ–±—â–µ –æ—Ñ–æ–Ω–∞—Ä–µ–ª–∏?! –ë—É—Ç–µ—Ä –≤ –±—É—Ñ–µ—Ç–µ ‚Äî 110 —Ä—ç. –°—Ç–æ-–¥–µ-—Å—è-—Ç—å! –ó–∞ –ø–ª–∞—Å—Ç–∏–∫–æ–≤—É—é –≤–∏–ª–∫—É —Ç–µ–ø–µ—Ä—å –Ω–∞–¥–æ –ø–ª–∞—Ç–∏—Ç—å –¥–≤–∞ —Ä—É–±–ª—è! –Ø —á–µ –¥–æ–ª–∂–µ–Ω –≥—Ä–µ—á—É —Å —Å–æ—Å–∏—Å–∫–∞–º–∏ —Ä—É–∫–∞–º–∏ –∂—Ä–∞—Ç—å? –û—Ö—Ä–µ–Ω–µ–ª–∏ –ø—Ä–æ—Å—Ç–æ! 
–ü—Ä–æ—Ñ—Å–æ—é–∑ —Å—Ç—É–¥–µ–Ω—Ç–æ–≤, –≤—ã –∫—É–¥–∞ —Å–º–æ—Ç—Ä–∏—Ç–µ? –ù–∞—Ö—Ä–µ–Ω–∞ –Ω—É–∂–Ω–∞ —Ç–∞–∫–∞—è –æ—Ä–≥–∞–Ω–∏–∑–∞—Ü–∏—è, –µ—Å–ª–∏ –ø—Ä–∞–≤–∞ —Å—Ç—É–¥–µ–Ω—Ç–æ–≤ –Ω–µ –∑–∞—â–∏—â–∞—é—Ç? –ê–¥–º–∏–Ω–∏—Å—Ç—Ä–∞—Ü–∏—è —É–Ω–∏–≤–µ—Ä–∞, –∫—Ç–æ –æ—Ç–≤–µ—á–∞–µ—Ç –∑–∞ —Å–æ—Ü–≤–æ–ø—Ä–æ—Å—ã? –ë–ª—è, –ø—Ä–æ—â–µ –≤–º–µ—Å—Ç–æ –ø–∞—Ä—ã –≤ –±—É—Ä–≥–µ—Ä–Ω—É—é –ø–æ–π—Ç–∏, —á—Ç–æ–±—ã –ø–æ–µ—Å—Ç—å ‚Äî –¥–µ—à–µ–≤–ª–µ –±—É–¥–µ—Ç. –ê –µ—â—ë –≤—É–∑ –∑–¥–æ—Ä–æ–≤–æ–≥–æ –æ–±—Ä–∞–∑–∞ –∂–∏–∑–Ω–∏.
–ù–∞–≤–µ–¥–∏—Ç–µ —É–∂–µ –ø–æ—Ä—è–¥–æ–∫ —Å –æ–±—â–µ–ø–∏—Ç–æ–º –≤ –†–ò–ù–•–µ. –£ –Ω–∞—Å —Å–∞–º–∞—è –¥–æ—Ä–æ–≥–∞—è —Å—Ç–æ–ª–æ–≤–∞—è –ø–æ–ª—É—á–∞–µ—Ç—Å—è. –î–ª—è –∫–æ–≥–æ –æ–Ω–∞? –î–ª—è —Å—Ç—É–¥–µ–Ω—Ç–æ–≤?",0,0.0,Connection error.
6298,"–ü–µ—Ä–≤–æ–∫—É—Ä—Å–Ω–∏—Ü–∞ –ø–µ–¥—Ñ–∞–∫–∞ –ö–∞—Ç—è –õ–æ–±–∞–Ω–æ–≤–∞ –ø—Ä–µ–∫—Ä–∞—Å–Ω–∞—è –¥–µ–≤—É—à–∫–∞ –∏ –ª—É—á—à–∞—è —Å—Ç–∞—Ä–æ—Å—Ç–∞! –°–ø–∞—Å–∏–±–æ –∑–∞ —Ç–≤–æ–∏ —Å—Ç–∞—Ä–∞–Ω–∏—è :–∑

–ê–Ω–æ–Ω",0,0.0,Connection error.
7516,"–†–µ–±—è—Ç, –ø—Ä–∏–≤–µ—Ç,
–ö–∞–∫ –í–∞–º –Ω–æ–≤–æ–µ –ø—Ä–∞–≤–∏–ª–æ –¥–æ—Å–º–æ—Ç—Ä–∞ –≤ –ù–ì–¢–£? –û—á–µ—Ä–µ–¥–∏ –±–æ–ª—å—à–∏–µ –∑–∞–¥–æ–ª–±–∞–ª–∏ —É–∂–µ –µ—Å–ª–∏ —á–µ—Å—Ç–Ω–æ –∑–Ω–∞—Ç–Ω–æ. –ß—Ç–æ –¥—É–º–∞–µ—Ç–µ? –ù–∞–¥–æ–ª–≥–æ —ç—Ç–æ? –û–±—ã—á–Ω–æ –∫–∞–∫ —É—Ç–∏—Ö–Ω–µ—Ç –≤—Å–µ, —Ç–∞–∫ –∏ –≤–µ–∑–¥–µ —Å—Ä–∞–∑—É —Ç–∏—à–∏–Ω–∞ 
–ê–Ω–æ–Ω",0,0.0,Connection error.
9655,"–º–æ–∂–Ω–æ –ª–∏ –ø–µ—Ä–µ–≤–µ—Å—Ç–∏—Å—å –Ω–∞ –¥—Ä—É–≥–æ–π –∏–Ω–æ—Å—Ç—Ä–∞–Ω–Ω—ã–π —è–∑—ã–∫? —Ç. –µ. –Ω–∞–ø—Ä–∏–º–µ—Ä –∏–∑—É—á–∞–µ—à—å –∞–Ω–≥–ª, –∞ —Ö–æ—á–µ—à—å –∏–∑—É—á–∞—Ç—å –Ω–µ–º–µ—Ü–∫–∏–π. –∞–Ω–æ–Ω",0,0.0,Connection error.
5718,–ú—É–¥—Ä–æ—Å—Ç—å –≥–ª–∞—Å–∏—Ç: ¬´–ù–∞—Å—Ç–∞–≤–Ω–∏–∫–∞–º —Ç–æ–∂–µ –Ω—É–∂–Ω—ã –Ω–∞—Å—Ç–∞–≤–Ω–∏–∫–∏¬ª. –ö–∞–∫ —Å–∏–ª—å–Ω—ã–µ —É—á–∏–ª–∏—Å—å —É —Å–∏–ª—å–Ω–µ–π—à–∏—Ö ‚Äî —Å–º–æ—Ç—Ä–∏ –≤ —Ñ–æ—Ç–æ—Ä–µ–ø–æ—Ä—Ç–∞–∂–µ [id384337199|–ú–∞–∫—Å–∏–º–∞].,0,0.0,Connection error.
2893,"–î–µ–≤—á–æ–Ω–∫–∏, –æ–¥–µ–≤–∞–π—Ç–µ—Å—å —Ç–µ–ø–ª–µ–µ. –ù–∞ –≤–∞—Å –±–µ–∑ —Å–ª–µ–∑ –Ω–µ –≤–∑–≥–ª—è–Ω–µ—à—å, –∫–æ–≥–¥–∞ –∏–¥–µ—à—å –≤ —É–Ω–∏–≤–µ—Ä üò• –ë—É–¥—å—Ç–µ –∑–¥–æ—Ä–æ–≤—ã (–ø—Å–∏—Ö–æ–ª–æ–≥–∏—á–µ—Å–∫–∏ —Ç–æ–∂–µüòÄ) 
–ê–Ω–æ–Ω–∏–º–Ω–æ",0,0.0,Connection error.
8419,–£ –Ω–∞—Å –∫–∞–∫–∞—è –Ω–µ–¥–µ–ª—è —Å –ø–æ–Ω–µ–¥–µ–ª—å–Ω–∏–∫–∞ ? –ê–Ω–æ–Ω–∏–º–Ω–æ,0,0.0,Connection error.
1549,"–ë–ª–∏–∑–∏—Ç—Å—è —Å–µ—Å—Å–∏—è –∏ —É –º–Ω–æ–≥–∏—Ö –≤–æ–∑–Ω–∏–∫–∞–µ—Ç –≤–æ–ø—Ä–æ—Å: ¬´–ö–∞–∫ —Å–¥–∞—Ç—å —É –Ω–µ—Å–ø—Ä–∞–≤–µ–¥–ª–∏–≤–æ–≥–æ –ø—Ä–µ–ø–æ–¥–∞?¬ª

–í—Å—ë –ø—Ä–æ—Å—Ç–æ ‚Äî –Ω—É–∂–Ω–æ –ª–∏—à—å –Ω–∞–ø–∏—Å–∞—Ç—å –º–æ—Ç–∏–≤–∏—Ä–æ–≤–∞–Ω–Ω–æ–µ –∑–∞—è–≤–ª–µ–Ω–∏–µ –Ω–∞ –ø—Ä–µ–ø–æ–¥–∞–≤–∞—Ç–µ–ª—è –∏ –¥–µ–∫–∞–Ω–∞—Ç —Ä–∞–∑–±–µ—Ä—ë—Ç—Å—è —Å –ø—Ä–æ–±–ª–µ–º–æ–π.",0,0.0,Connection error.
217,"K–æ—Ä–æ—Ç–∫o –øpo –ø–æ–≥o–¥—É
C–ºe—à–Ω–æ –¥–æ —Å–ªe–∑, —Ço–ª—å–∫o –Ωa–≤e—Ä–Ωoe o—áe–Ω—å –±o–ª—å–Ω–æ ü§£",0,0.0,Connection error.
5266,"–ö—Ç–æ-—Ç–æ –∑–Ω–∞–µ—Ç, –º–æ–∂–Ω–æ –ª–∏ —É–µ—Ö–∞—Ç—å —Å –∑–∞—á–µ—Ç–Ω–æ–π –Ω–µ–¥–µ–ª–∏ –∏ –ø—Ä–æ—Å—Ç–∞–≤–∏—Ç—å –∑–∞—á–µ—Ç—ã –ø–æ—Ç–æ–º, –µ—Å–ª–∏ —É —Ç–µ–±—è –≤—Å–µ –∑–∞—á–µ—Ç—ã –¥–æ–ª–∂–Ω—ã –±—ã—Ç—å –∞–≤—Ç–æ–º–∞—Ç–æ–º? –ö–æ—Ä–æ—á–µ, –ª—é–±–æ–π —Å–ø–æ—Å–æ–± —á—Ç–æ–± —É–µ—Ö–∞—Ç—å –ø–æ—Ä–∞–Ω—å—à–µ",0,0.0,Connection error.
9777,"–ø—Ä–∏–≤–µ—Ç! –∫—Ç–æ –Ω–∏–±—É–¥—å —É—á–∏–ª—Å—è –Ω–∞ –ø—Ä–æ–≥—Ä–∞–º–º–∞—Ö –º–∞–≥–∏—Å—Ç—Ä–∞—Ç—É—Ä—ã ¬´—É–ø—Ä–∞–≤–ª–µ–Ω–∏–µ –∏–Ω–≤–µ—Å—Ç–∏—Ü–∏–æ–Ω–Ω–æ-—Å—Ç—Ä–æ–∏—Ç–µ–ª—å–Ω–æ–π –¥–µ—è—Ç–µ–ª—å–Ω–æ—Å—Ç—å—é¬ª, ¬´—É–ø—Ä–∞–≤–ª–µ–Ω–∏–µ –≥—Ä–∞–¥–æ—Å—Ç—Ä–æ–∏—Ç–µ–ª—å–Ω–æ–π –¥–µ—è—Ç–µ–ª—å–Ω–æ—Å—Ç—å—é¬ª –∏–ª–∏ ¬´—Å—Ç—Ä–∞—Ç–µ–≥–∏—á–µ—Å–∫–æ–µ —É–ø—Ä–∞–≤–ª–µ–Ω–∏–µ –≥–æ—Ä–æ–¥–æ–º –∏ —É—Ä–±–∞–Ω–∏—Å—Ç–∏–∫–∞¬ª. –º–æ–∂–µ—Ç–µ –ø–æ–¥–µ–ª–∏—Ç—å—Å—è –≤–ø–µ—á–∞—Ç–ª–µ–Ω–∏—è–º–∏ –æ—Ç –ø—Ä–æ–≥—Ä–∞–º–º, –ø—Ä–µ–ø–æ–¥–∞–≤–∞—Ç–µ–ª–µ–π –∏ –¥–æ–≤–æ–ª—å–Ω—ã –ª–∏ –≤—ã,—á—Ç–æ –≤—ã–±—Ä–∞–ª–∏ —Ç–∞–∫–æ–µ –Ω–∞–ø—Ä–∞–≤–ª–µ–Ω–∏–µ?
–∑–∞—Ä–∞–Ω–µ–µ –±–ª–∞–≥–æ–¥–∞—Ä—é!",0,0.0,Connection error.
7966,–°–∫–æ–ª—å–∫–æ —É –≤–∞—Å —Å—Ç–∏–ø–µ–Ω–¥–∏—è? –°–æ—Ü–∏–∞–ª—å–Ω–∞—è —Å—Ç–∏–ø–µ–Ω–¥–∏—è? –ú–∞—Ç.–ø–æ–º–æ—â—å? üôèüôèüôè,0,0.0,Connection error.
7802,"–°–µ–≥–æ–¥–Ω—è —É—Ç—Ä–æ–º –ø—Ä–∏—à–ª–∞ —Ä–∞—Å—á—ë—Ç–∫–∞ –∑–∞ —Å–æ—Ü.–≤—ã–ø–ª–∞—Ç—ã –∏ —Å–µ–π—á–∞—Å –ø—Ä–æ–ø–∞–ª–∞.–£ –º–µ–Ω—è —É –æ–¥–Ω–æ–π —Ç–∞–∫ –∏–ª–∏ —É –≤—Å–µ—Ö?
–ê–Ω–æ–Ω",0,0.0,Connection error.
1566,"–ë–æ–ª—å - —ç—Ç–æ —Å–º–æ—Ç—Ä–µ—Ç—å –¥–æ–≤–æ–ª—å–Ω—ã–µ –∫–æ–º–º–µ–Ω—Ç–∞—Ä–∏–∏ –ø—Ä–æ –ø–æ–≤—ã—à–µ–Ω–Ω—É—é —Å—Ç–∏–ø–µ–Ω–¥–∏—é, –∞ –ø–æ—Ç–æ–º –≤—Å–ø–æ–º–Ω–∏—Ç—å —á—Ç–æ –≤ —ç—Ç–æ–º —Å–µ–º–∞–∫–µ —Ç—ã –µ–µ –Ω–µ –ø–æ–ª—É—á–∞–µ—à—å(",0,0.0,Connection error.
8607,"–•–æ—á–µ—à—å —Ç–∞–∫–æ–π –∂–µ –∫—É–ø–æ–Ω—á–∏–∫??? –û_–æ
–¢–æ–≥–¥–∞ —Ç–µ–±–µ –Ω–∞ –∫–æ.–ö—Ä–∞—Å–Ω–∞—è 45",0,0.0,Connection error.
